step,pred_type-alpha\alpha,pred_type-alpha\multibin,pred_type-alpha\rot_y,pred_type-alpha\single_bin,pred_type-alpha\tricosine,pred_type-alpha\voting_bin,pred_type-rot_y\multibin,pred_type-rot_y\rot_y,pred_type-rot_y\single_bin,pred_type-rot_y\tricosine,pred_type-rot_y\voting_bin
0,1.4725240468978882,-30.163808822631836,1.4853541851043701,0.48652487993240356,0.4974718987941742,0.5012271404266357,0.8518275022506714,1.4537527561187744,0.5008913278579712,0.4680728316307068,0.47907260060310364
1,1.3282043933868408,-32.688232421875,1.3832082748413086,0.39657464623451233,0.414700448513031,0.44600796699523926,0.7056464552879333,1.3286926746368408,0.41114744544029236,0.3845783770084381,0.40690305829048157
2,1.1925148963928223,-33.99870300292969,1.3339924812316895,0.36394745111465454,0.37561509013175964,0.3976752758026123,0.6477018594741821,1.2174491882324219,0.37640300393104553,0.35009920597076416,0.3712930977344513
3,1.0359156131744385,-34.81636428833008,1.274674415588379,0.32345789670944214,0.34681251645088196,0.3608112037181854,0.5950837135314941,1.0605441331863403,0.3426203727722168,0.31979867815971375,0.3451032042503357
4,0.893128514289856,-35.65475082397461,1.180920958518982,0.2946934401988983,0.3194062113761902,0.33405616879463196,0.5644891858100891,0.9432585835456848,0.32267042994499207,0.2947636842727661,0.3204202950000763
5,0.7555769681930542,-36.28282928466797,1.0669020414352417,0.2660292983055115,0.29581019282341003,0.30542299151420593,0.5206292271614075,0.8166942596435547,0.298137903213501,0.2706267833709717,0.3000238239765167
6,0.6292024850845337,-37.05152130126953,0.940716564655304,0.2368372082710266,0.26485633850097656,0.273017019033432,0.48092371225357056,0.7092447876930237,0.27381446957588196,0.24589098989963531,0.2760818600654602
7,0.5428990721702576,-37.788639068603516,0.8275840878486633,0.20648343861103058,0.2415076047182083,0.24529822170734406,0.43977776169776917,0.617890477180481,0.2474907785654068,0.21414902806282043,0.25439637899398804
8,0.4562818109989166,-38.23735427856445,0.7259300947189331,0.1839158535003662,0.2166350930929184,0.2216375470161438,0.42223525047302246,0.5369547009468079,0.21359753608703613,0.18375776708126068,0.22932064533233643
9,0.39872121810913086,-39.148170471191406,0.6514774560928345,0.15530115365982056,0.1967414766550064,0.18995042145252228,0.38308045268058777,0.4783375859260559,0.19236432015895844,0.1563548892736435,0.20277844369411469
10,0.33906689286231995,-39.77065658569336,0.5655400156974792,0.14944569766521454,0.16706787049770355,0.1669212430715561,0.3264496922492981,0.42260074615478516,0.1649160236120224,0.1351729929447174,0.17635735869407654
11,0.296663761138916,-40.43570327758789,0.5012994408607483,0.12153663486242294,0.152505561709404,0.1589348167181015,0.2932462990283966,0.36575087904930115,0.14347907900810242,0.11911122500896454,0.14957410097122192
12,0.2556390166282654,-40.72956466674805,0.44595223665237427,0.12382741272449493,0.14392748475074768,0.15198642015457153,0.2592795789241791,0.3254510462284088,0.13312168419361115,0.10083682835102081,0.13139833509922028
13,0.21775837242603302,-40.826934814453125,0.3967371881008148,0.10466384142637253,0.12906204164028168,0.14740318059921265,0.22300466895103455,0.2879742980003357,0.1287921667098999,0.09078750014305115,0.11791291832923889
14,0.19810782372951508,-41.43287658691406,0.34691816568374634,0.0879732295870781,0.1046835258603096,0.1196063980460167,0.19026869535446167,0.2620566189289093,0.10723285377025604,0.07950346171855927,0.10419068485498428
15,0.17987221479415894,-42.15811538696289,0.3128383755683899,0.08079934120178223,0.09980940073728561,0.09991562366485596,0.17348051071166992,0.23406405746936798,0.09394370764493942,0.07144716382026672,0.08679257333278656
16,0.1637134999036789,-41.872283935546875,0.29125747084617615,0.10240023583173752,0.09712794423103333,0.11032622307538986,0.19783735275268555,0.20092591643333435,0.09454500675201416,0.06719030439853668,0.07698064297437668
17,0.14398086071014404,-42.208438873291016,0.24055272340774536,0.08079276978969574,0.0778401792049408,0.0841999351978302,0.14513882994651794,0.19157063961029053,0.09859107434749603,0.06037469580769539,0.06882869452238083
18,0.1381843239068985,-43.23343276977539,0.2283291220664978,0.0872616171836853,0.0794733464717865,0.0862724706530571,0.22299915552139282,0.1652877926826477,0.07322657853364944,0.05093934014439583,0.06730420887470245
19,0.12324681133031845,-43.734336853027344,0.21298417448997498,0.06205502524971962,0.0707031860947609,0.07111156731843948,0.150916188955307,0.15979300439357758,0.0693538710474968,0.051217515021562576,0.07056174427270889
20,0.12308481335639954,-43.9617805480957,0.20026060938835144,0.05272679030895233,0.0747448056936264,0.0664966031908989,0.11362791806459427,0.14134109020233154,0.06379451602697372,0.045695312321186066,0.05180269107222557
21,0.10488057881593704,-43.368316650390625,0.16870549321174622,0.06627700477838516,0.07690856605768204,0.05608028545975685,0.10042878240346909,0.13240623474121094,0.057323895394802094,0.04592110961675644,0.048916421830654144
22,0.1019684225320816,-44.12397766113281,0.18080836534500122,0.04204818606376648,0.08257778733968735,0.07089566439390182,0.10314328223466873,0.12216289341449738,0.0788429006934166,0.04223301261663437,0.0460229367017746
23,0.1027338057756424,-44.57887649536133,0.17022381722927094,0.04307692125439644,0.06891536712646484,0.04807382822036743,0.09405352175235748,0.1273602545261383,0.06027949973940849,0.03805973008275032,0.0485384538769722
24,0.08886311948299408,-45.083961486816406,0.15820813179016113,0.04445285722613335,0.05397213250398636,0.04794400557875633,0.09300737082958221,0.11221924424171448,0.04630731791257858,0.04243370145559311,0.04397383704781532
25,0.09969443082809448,-44.81815719604492,0.13779567182064056,0.0638631209731102,0.04282915219664574,0.04646141827106476,0.08404937386512756,0.09983611106872559,0.08927762508392334,0.03222488984465599,0.05356372147798538
26,0.08681639283895493,-44.610294342041016,0.14332644641399384,0.044589489698410034,0.03689855709671974,0.04574579745531082,0.0812501460313797,0.09811009466648102,0.055662233382463455,0.03806592524051666,0.034001339226961136
27,0.09482532739639282,-44.82923126220703,0.15062552690505981,0.0666050910949707,0.07477110624313354,0.07338102906942368,0.07748670876026154,0.09023640304803848,0.04573926702141762,0.03535037487745285,0.03430808708071709
28,0.071779265999794,-45.234439849853516,0.13406126201152802,0.033837608993053436,0.05523895099759102,0.10295509546995163,0.07958344370126724,0.0986548587679863,0.03888991102576256,0.031949300318956375,0.03695852309465408
29,0.07038545608520508,-45.80854415893555,0.10206945240497589,0.030869200825691223,0.043232664465904236,0.04627932608127594,0.07381375879049301,0.08856788277626038,0.046067334711551666,0.029138624668121338,0.04268325865268707
30,0.08426566421985626,-46.12274169921875,0.10448161512613297,0.04055457189679146,0.0404403880238533,0.03232213482260704,0.07384665310382843,0.0828249379992485,0.03701246902346611,0.059690579771995544,0.03382052481174469
31,0.06735927611589432,-46.27592849731445,0.10879459977149963,0.035162489861249924,0.033485569059848785,0.029068084433674812,0.06481767445802689,0.08296198397874832,0.06370656192302704,0.026842547580599785,0.03157462924718857
32,0.08042584359645844,-46.04971694946289,0.10567698627710342,0.051024213433265686,0.04392523318529129,0.029584301635622978,0.0701955184340477,0.08676349371671677,0.07271644473075867,0.021112501621246338,0.03717140853404999
33,0.05878184735774994,-46.64430236816406,0.08948947489261627,0.027773214504122734,0.06128854677081108,0.03910135105252266,0.058508701622486115,0.06578220427036285,0.03827449679374695,0.020960085093975067,0.025303533300757408
34,0.049460120499134064,-46.78534698486328,0.10573288798332214,0.05392785370349884,0.048133112490177155,0.04289472475647926,0.07000186294317245,0.0660485327243805,0.04190225154161453,0.023444155231118202,0.028090203180909157
35,0.05928819254040718,-46.280250549316406,0.09507802128791809,0.02450466901063919,0.03429393097758293,0.03790849819779396,0.05879140645265579,0.06906086951494217,0.050391849130392075,0.02440449222922325,0.027624888345599174
36,0.07036589086055756,-46.69404983520508,0.11336862295866013,0.01965184696018696,0.04636049270629883,0.03886394947767258,0.05105412006378174,0.07963698357343674,0.033046312630176544,0.02957664057612419,0.04151756316423416
37,0.06993204355239868,-46.918052673339844,0.09339755028486252,0.024178648367524147,0.03898356109857559,0.028234966099262238,0.05807763338088989,0.05702471733093262,0.02502702735364437,0.02669634111225605,0.027446694672107697
38,0.05270841345191002,-47.265777587890625,0.06715884059667587,0.027071915566921234,0.03232862800359726,0.028866099193692207,0.04937708005309105,0.06043324992060661,0.06174551323056221,0.02120603434741497,0.01801323890686035
39,0.04931079223752022,-46.663063049316406,0.10437849164009094,0.02278866060078144,0.030042795464396477,0.06411751359701157,0.045169398188591,0.06633488833904266,0.08211591839790344,0.027623260393738747,0.018958495929837227
40,0.05492721125483513,-47.57185745239258,0.08788768202066422,0.03782763332128525,0.03448109328746796,0.032538414001464844,0.0568014532327652,0.044105567038059235,0.042217954993247986,0.021077198907732964,0.022648470476269722
41,0.05779454484581947,-47.415618896484375,0.06886184960603714,0.02301374264061451,0.03951855003833771,0.03951256722211838,0.049116987735033035,0.06380707025527954,0.030512958765029907,0.025005513802170753,0.028326286002993584
42,0.052485041320323944,-47.64724349975586,0.07124672085046768,0.02429131232202053,0.03620894253253937,0.028938908129930496,0.043111786246299744,0.06329503655433655,0.03168304264545441,0.023392964154481888,0.022790171205997467
43,0.04101623222231865,-47.62504577636719,0.07780126482248306,0.05296729505062103,0.028864989057183266,0.027648665010929108,0.052316322922706604,0.047986820340156555,0.025384215638041496,0.023934176191687584,0.02533314935863018
44,0.05613703653216362,-47.83623123168945,0.0809544175863266,0.02287754788994789,0.04668805003166199,0.029024941846728325,0.04157830402255058,0.060307446867227554,0.0811469629406929,0.020143572241067886,0.023672617971897125
45,0.06505020707845688,-47.48491287231445,0.07669714093208313,0.017817767336964607,0.028172479942440987,0.028682203963398933,0.042529892176389694,0.0452239029109478,0.03640945628285408,0.021990206092596054,0.02290596067905426
46,0.04596143588423729,-46.995574951171875,0.06314545124769211,0.019137678667902946,0.022583022713661194,0.025353126227855682,0.04062367603182793,0.057809680700302124,0.02673940360546112,0.02318456582725048,0.021725155413150787
47,0.049863532185554504,-48.01845169067383,0.06255967170000076,0.01899115927517414,0.03688735142350197,0.025316419079899788,0.04636344313621521,0.04915597662329674,0.020314931869506836,0.018789993599057198,0.02153417095541954
48,0.044365860521793365,-47.601322174072266,0.06828896701335907,0.022631436586380005,0.023198865354061127,0.04051010310649872,0.042541999369859695,0.03473760932683945,0.01998438499867916,0.019135089591145515,0.024164089933037758
49,0.034249842166900635,-47.961524963378906,0.062305748462677,0.023501716554164886,0.01994149386882782,0.04403972625732422,0.07398754358291626,0.047286514192819595,0.019165759906172752,0.021648945286870003,0.024508129805326462
50,0.02655506320297718,-47.999820709228516,0.06006082147359848,0.024486511945724487,0.017359374091029167,0.020144224166870117,0.0340450219810009,0.06006906181573868,0.02481968142092228,0.021589035168290138,0.026100844144821167
51,0.05746755376458168,-48.094810485839844,0.05768094211816788,0.018983330577611923,0.021148603409528732,0.017217490822076797,0.04163866490125656,0.040318332612514496,0.025206686928868294,0.01896047219634056,0.01802222803235054
52,0.05508996918797493,-48.269432067871094,0.06448856741189957,0.017436977475881577,0.020810725167393684,0.017936477437615395,0.03306039795279503,0.04398447647690773,0.02719830721616745,0.016442883759737015,0.029729049652814865
53,0.04533344879746437,-47.63828659057617,0.059728387743234634,0.020603712648153305,0.02294696494936943,0.020553136244416237,0.03618451952934265,0.03353361412882805,0.019189156591892242,0.02283923141658306,0.019946152344346046
54,0.036542341113090515,-48.38966751098633,0.053912632167339325,0.020358601585030556,0.029882878065109253,0.02396564558148384,0.03790208697319031,0.05659371241927147,0.020605910569429398,0.01826544664800167,0.014920511282980442
55,0.05586571246385574,-48.23719024658203,0.10168687999248505,0.017555739730596542,0.023120056837797165,0.028051871806383133,0.03174900636076927,0.05502266809344292,0.025184299796819687,0.01794246956706047,0.014043713919818401
56,0.0341588519513607,-47.76128387451172,0.05637030303478241,0.02643408253788948,0.03342457488179207,0.018994953483343124,0.03108661063015461,0.03327164426445961,0.025080004706978798,0.014786583371460438,0.012534993700683117
57,0.026065412908792496,-48.083473205566406,0.046263936907052994,0.021914390847086906,0.02217273972928524,0.027606502175331116,0.04028676077723503,0.025386923924088478,0.0173080712556839,0.02093847654759884,0.01915953867137432
58,0.046993035823106766,-48.039634704589844,0.05142136290669441,0.01873311586678028,0.02252601832151413,0.02472682297229767,0.03695864602923393,0.04176219552755356,0.01868979074060917,0.013686956837773323,0.02119453065097332
59,0.043849240988492966,-48.18080520629883,0.053472258150577545,0.015984822064638138,0.01898440532386303,0.016064872965216637,0.032882772386074066,0.048838287591934204,0.018598632887005806,0.020154699683189392,0.019537389278411865
60,0.026181312277913094,-48.131046295166016,0.07491796463727951,0.015714021399617195,0.020626790821552277,0.020542478188872337,0.03388403356075287,0.04361949488520622,0.018545616418123245,0.021367210894823074,0.01600915752351284
61,0.041509583592414856,-48.491477966308594,0.05298249050974846,0.017813822254538536,0.021754644811153412,0.02925432100892067,0.03426933288574219,0.038093943148851395,0.01676902547478676,0.01383957825601101,0.017173275351524353
62,0.03387545421719551,-48.582271575927734,0.03979242965579033,0.02726985141634941,0.015742944553494453,0.01510507520288229,0.03288266435265541,0.029354307800531387,0.02190135419368744,0.012001106515526772,0.06951373815536499
63,0.0324053056538105,-47.93792724609375,0.05140729621052742,0.020700957626104355,0.016713842749595642,0.014188726432621479,0.04912112280726433,0.03934066742658615,0.01590251922607422,0.02057567611336708,0.03746555745601654
64,0.048324208706617355,-47.95040512084961,0.06672137975692749,0.014299479313194752,0.018848204985260963,0.05922402814030647,0.02775493450462818,0.03097260557115078,0.017362000420689583,0.017285065725445747,0.02245294861495495
65,0.03308064863085747,-48.51741027832031,0.04921684041619301,0.03472115844488144,0.01652083545923233,0.03871076554059982,0.026363497599959373,0.03389446809887886,0.01798255369067192,0.014248319901525974,0.016083132475614548
66,0.028944000601768494,-47.86837387084961,0.0507313497364521,0.019914535805583,0.016956491395831108,0.01699279434978962,0.02373172901570797,0.04340534657239914,0.016519349068403244,0.013667735271155834,0.014500869438052177
67,0.02668853849172592,-48.48974609375,0.06253521889448166,0.017240533605217934,0.025396108627319336,0.012899644672870636,0.02631654031574726,0.0341932475566864,0.014077379368245602,0.018492503091692924,0.0134023642167449
68,0.02684345655143261,-48.571922302246094,0.04499363899230957,0.017931485548615456,0.04600154981017113,0.0111568383872509,0.027767645195126534,0.024798640981316566,0.01705431379377842,0.014808226376771927,0.013350524008274078
69,0.055529993027448654,-47.723995208740234,0.05318981781601906,0.019093923270702362,0.025372562929987907,0.010906266048550606,0.03124193847179413,0.02769436128437519,0.01885334774851799,0.014211340807378292,0.011864428408443928
70,0.03454262390732765,-47.546234130859375,0.05120402202010155,0.012705161236226559,0.020381581038236618,0.013202897273004055,0.031061438843607903,0.04460838809609413,0.01493415329605341,0.018272334709763527,0.01184795331209898
71,0.023702524602413177,-48.352970123291016,0.04330722987651825,0.012286673299968243,0.01584584452211857,0.014458364807069302,0.02870641089975834,0.043074462562799454,0.023074375465512276,0.015935730189085007,0.012803187593817711
72,0.044194597750902176,-48.42898941040039,0.056890781968832016,0.02108544297516346,0.014269468374550343,0.014146493747830391,0.15059791505336761,0.027283573523163795,0.012824540957808495,0.013715771026909351,0.01375979371368885
73,0.028481652960181236,-48.59450149536133,0.036346010863780975,0.01674642600119114,0.016486862674355507,0.021544158458709717,0.04783473163843155,0.03383338823914528,0.014167624525725842,0.012322314083576202,0.013684910722076893
74,0.021262047812342644,-48.798133850097656,0.03482253476977348,0.013575314544141293,0.013290176168084145,0.015333430841565132,0.032881222665309906,0.028982020914554596,0.01474738772958517,0.0159476138651371,0.010584940202534199
75,0.02742950990796089,-48.4794921875,0.04175423085689545,0.02019689418375492,0.01910034380853176,0.014492598362267017,0.03821094334125519,0.026515347883105278,0.015885941684246063,0.012126175686717033,0.017904790118336678
76,0.036743029952049255,-48.674442291259766,0.04287617281079292,0.013309268280863762,0.01512475498020649,0.018581487238407135,0.030472636222839355,0.020927809178829193,0.016864581033587456,0.01647811196744442,0.016904713585972786
77,0.04303640127182007,-48.834136962890625,0.03827425837516785,0.010735991410911083,0.015358761884272099,0.019314121454954147,0.03202405199408531,0.04057043790817261,0.012847509235143661,0.01386327762156725,0.01616809330880642
78,0.02447621338069439,-48.20096206665039,0.034576740115880966,0.018279381096363068,0.020833870396018028,0.012865371070802212,0.02742415852844715,0.03515132889151573,0.012714176438748837,0.014967001043260098,0.016599740833044052
79,0.019266271963715553,-48.13603973388672,0.04330725222826004,0.01449845265597105,0.02239830419421196,0.019066672772169113,0.028317226096987724,0.02399987354874611,0.014856557361781597,0.01510598137974739,0.019236821681261063
80,0.04725249856710434,-48.818302154541016,0.03401318937540054,0.012869109399616718,0.023808656260371208,0.016436059027910233,0.039042986929416656,0.030192945152521133,0.01741785742342472,0.01192832738161087,0.014743785373866558
81,0.02829449065029621,-48.86293029785156,0.05699165537953377,0.014239518903195858,0.01670575700700283,0.01149487029761076,0.029834352433681488,0.027129098773002625,0.01380835846066475,0.010572495870292187,0.015537726692855358
82,0.02095176838338375,-48.71976089477539,0.04634658992290497,0.013365504331886768,0.014007464982569218,0.014211050234735012,0.02494065649807453,0.0348963662981987,0.017460720613598824,0.015607455745339394,0.014194219373166561
83,0.025919407606124878,-48.6636848449707,0.045711807906627655,0.018380744382739067,0.01961217261850834,0.01456310972571373,0.03136421740055084,0.025984987616539,0.0132858045399189,0.01445753313601017,0.02311822772026062
84,0.042593371123075485,-48.83632278442383,0.03899726644158363,0.012789563275873661,0.03009624034166336,0.01467936858534813,0.029615500941872597,0.01822826638817787,0.018134521320462227,0.014008128084242344,0.013732433319091797
85,0.031055517494678497,-47.658531188964844,0.03625785559415817,0.014130993746221066,0.013463249430060387,0.01346193253993988,0.024869520217180252,0.025826582685112953,0.023826787248253822,0.012946427799761295,0.011615556664764881
86,0.03350801765918732,-48.852378845214844,0.06735989451408386,0.009902529418468475,0.013248010538518429,0.01676933467388153,0.02801932580769062,0.03641873598098755,0.01177184097468853,0.011664262041449547,0.014974222518503666
87,0.027344774454832077,-48.978519439697266,0.03955090418457985,0.014816397801041603,0.020921725779771805,0.01499729510396719,0.027413763105869293,0.024644985795021057,0.012349790893495083,0.010773668996989727,0.014944151975214481
88,0.025859232991933823,-48.80678176879883,0.02942829765379429,0.01264143455773592,0.013850108720362186,0.049929771572351456,0.022118737921118736,0.02069229632616043,0.010507822036743164,0.014295321889221668,0.01650281809270382
89,0.028560394421219826,-49.05232620239258,0.03846132755279541,0.013673825189471245,0.01332362461835146,0.022279629483819008,0.029567208141088486,0.019428761675953865,0.013258704915642738,0.015710314735770226,0.015938032418489456
90,0.020862650126218796,-48.946414947509766,0.03544691577553749,0.0114982258528471,0.01183923240751028,0.015341520309448242,0.02539418451488018,0.03437512740492821,0.01389347668737173,0.011549330316483974,0.01199459470808506
91,0.03446714207530022,-48.87665939331055,0.029776452109217644,0.011718759313225746,0.015180637128651142,0.011915234848856926,0.025353392586112022,0.02717602625489235,0.018723946064710617,0.011240033432841301,0.01590057648718357
92,0.027642201632261276,-48.96086502075195,0.03813003748655319,0.013477670028805733,0.015030276961624622,0.01316811703145504,0.029496220871806145,0.027662882581353188,0.020871426910161972,0.01533516775816679,0.013477050699293613
93,0.021293483674526215,-48.8100700378418,0.05819791927933693,0.011616982519626617,0.015998564660549164,0.015298075042665005,0.026719028130173683,0.02279234491288662,0.016245286911725998,0.01038892101496458,0.014137081801891327
94,0.028127186000347137,-48.96808624267578,0.04060054570436478,0.01005541905760765,0.014338667504489422,0.012760673649609089,0.027310896664857864,0.026361843571066856,0.01664847694337368,0.01110040582716465,0.013815161772072315
95,0.027766529470682144,-48.657676696777344,0.027548858895897865,0.015608655288815498,0.014658309519290924,0.012898663990199566,0.022290049120783806,0.02288534864783287,0.013356782495975494,0.01274703349918127,0.013821492902934551
96,0.024477781727910042,-48.99302291870117,0.034065138548612595,0.016026277095079422,0.010285086929798126,0.012237959541380405,0.0280280951410532,0.020795492455363274,0.01031323242932558,0.012647988274693489,0.015237068757414818
97,0.02269403450191021,-48.79780578613281,0.02431385964155197,0.010443422012031078,0.009209043346345425,0.01213902048766613,0.022692961618304253,0.016827557235956192,0.01052155066281557,0.011496503837406635,0.013314534910023212
98,0.03213733434677124,-48.826438903808594,0.028268884867429733,0.009532244876027107,0.01288203801959753,0.01313669141381979,0.022589292377233505,0.02152741327881813,0.014183771796524525,0.012009812518954277,0.01206294447183609
99,0.024488262832164764,-49.15534973144531,0.038289785385131836,0.015558534301817417,0.017718566581606865,0.017585603520274162,0.036175139248371124,0.037550147622823715,0.017069173976778984,0.009246679954230785,0.012767452746629715
